[
    {
       "formatted_address" : "1436 259th St, Harbor City, CA 90710, USA",
       "geometry" : {
          "location" : {
             "lat" : 33.7880291,
             "lng" : -118.302118
          },
          "viewport" : {
             "northeast" : {
                "lat" : 33.78946667989272,
                "lng" : -118.3007676701072
             },
             "southwest" : {
                "lat" : 33.78676702010728,
                "lng" : -118.3034673298927
             }
          }
       },
       "icon" : "https://maps.gstatic.com/mapfiles/place_api/icons/generic_business-71.png",
       "id" : "6e913d4708c97d3ef066e88cdfd34b9b144089e1",
       "name" : "Settle Motorcycle Repair",
       "opening_hours" : {
          "open_now" : true
       },
       "photos" : [
          {
             "height" : 1536,
             "html_attributions" : [
                "\u003ca href=\"https://maps.google.com/maps/contrib/108597451951810892807/photos\"\u003eLouie Baur\u003c/a\u003e"
             ],
             "photo_reference" : "CmRaAAAAs4y590VgksrIhPGF-DJ2X5dg1RC-9iv0M9qMR6rU_2F5pjzdkiTfkhKVEFnC1Oh4xJxJ0NALbGPlw0yzHo2cd71caEfP7II7LmC43-7-VoHvonDCjFtCpBJqgDOEb6RCEhAEJNrvIq9Mym_9Gje0PXyXGhQYNEqvO6nurVfuqf9Beb9t-NzP-w",
             "width" : 2048
          }
       ],
       "place_id" : "ChIJrZzbHnVK3YARxhJnOj4lfeo",
       "plus_code" : {
          "compound_code" : "QMQX+65 Harbor City, Harbor, CA, USA",
          "global_code" : "8553QMQX+65"
       },
       "rating" : 4.1,
       "reference" : "ChIJrZzbHnVK3YARxhJnOj4lfeo",
       "types" : [ "car_repair", "point_of_interest", "establishment" ],
       "user_ratings_total" : 11
    },
    {
       "formatted_address" : "901 1/2 E 4th St, Long Beach, CA 90802, USA",
       "geometry" : {
          "location" : {
             "lat" : 33.7719165,
             "lng" : -118.1807668
          },
          "viewport" : {
             "northeast" : {
                "lat" : 33.77326732989272,
                "lng" : -118.1793367201073
             },
             "southwest" : {
                "lat" : 33.77056767010728,
                "lng" : -118.1820363798927
             }
          }
       },
       "icon" : "https://maps.gstatic.com/mapfiles/place_api/icons/shopping-71.png",
       "id" : "7d002125d168c4172e549075f42c48448ddeaa9f",
       "name" : "M & C Motorcycle Shop",
       "opening_hours" : {
          "open_now" : true
       },
       "photos" : [
          {
             "height" : 2988,
             "html_attributions" : [
                "\u003ca href=\"https://maps.google.com/maps/contrib/110031634027840120010/photos\"\u003eA Google User\u003c/a\u003e"
             ],
             "photo_reference" : "CmRaAAAAo-r37HZQVsc10yniNc4vivShbG9mSDg9KlgyKOtmOoaz2oR7xZKdasIfAtIujBaZXCGVjU5xSU3S5EkLXn6wvzrV7LSGelOVIr1GR0pitwlZQLBnKEYfZwH52X8Qy6M4EhBYSx6a0EWZ91wVp7xe32cnGhQkBpCBhKghsN_czchgbjtY2OPDmQ",
             "width" : 5312
          }
       ],
       "place_id" : "ChIJiW4AlRUx3YAR0UhSZZl4l7c",
       "plus_code" : {
          "compound_code" : "QRC9+QM Long Beach, California, USA",
          "global_code" : "8553QRC9+QM"
       },
       "rating" : 3.7,
       "reference" : "ChIJiW4AlRUx3YAR0UhSZZl4l7c",
       "types" : [ "car_repair", "store", "point_of_interest", "establishment" ],
       "user_ratings_total" : 48
    },
    {
       "formatted_address" : "515 W Lambert Rd, Brea, CA 92821, USA",
       "geometry" : {
          "location" : {
             "lat" : 33.9251279,
             "lng" : -117.902945
          },
          "viewport" : {
             "northeast" : {
                "lat" : 33.92639377989273,
                "lng" : -117.9015917701073
             },
             "southwest" : {
                "lat" : 33.92369412010729,
                "lng" : -117.9042914298927
             }
          }
       },
       "icon" : "https://maps.gstatic.com/mapfiles/place_api/icons/shopping-71.png",
       "id" : "353fb977ca773334e27ea658920bb43b9a4c72e1",
       "name" : "Southern California Motorcycles",
       "opening_hours" : {
          "open_now" : true
       },
       "photos" : [
          {
             "height" : 2988,
             "html_attributions" : [
                "\u003ca href=\"https://maps.google.com/maps/contrib/105460370764700547770/photos\"\u003eTony mustang\u003c/a\u003e"
             ],
             "photo_reference" : "CmRaAAAAGFc0FMY1QMuX49FFAaaY7ybgufNlh88ZsKdOFg_-WXyFMk9879XzntE7TZfHA1t8fhoNcJGlBy32BRSs-XjdK0HQsr3kEEaLJUv0RcEjwQVJxJNpu428kGNVdd6NUOPsEhCvo5wCyB0yLgmaNoqt08dmGhTBkebMISE4n_g0y-U8csendHy_UA",
             "width" : 3984
          }
       ],
       "place_id" : "ChIJNU7OlWrV3IARQsXlAdhscxw",
       "plus_code" : {
          "compound_code" : "W3GW+3R Brea, California, USA",
          "global_code" : "8554W3GW+3R"
       },
       "rating" : 4.3,
       "reference" : "ChIJNU7OlWrV3IARQsXlAdhscxw",
       "types" : [ "car_repair", "store", "point_of_interest", "establishment" ],
       "user_ratings_total" : 155
    },
    {
       "formatted_address" : "1233 E Orangethorpe Ave, Fullerton, CA 92831, USA",
       "geometry" : {
          "location" : {
             "lat" : 33.8598965,
             "lng" : -117.905326
          },
          "viewport" : {
             "northeast" : {
                "lat" : 33.86120612989271,
                "lng" : -117.9039746701073
             },
             "southwest" : {
                "lat" : 33.85850647010727,
                "lng" : -117.9066743298927
             }
          }
       },
       "icon" : "https://maps.gstatic.com/mapfiles/place_api/icons/generic_business-71.png",
       "id" : "c1d58c4f59263aa903f7c436d2f3690ca155fa5c",
       "name" : "Lucky's Motorcycle Shop",
       "opening_hours" : {
          "open_now" : true
       },
       "photos" : [
          {
             "height" : 781,
             "html_attributions" : [
                "\u003ca href=\"https://maps.google.com/maps/contrib/105018436069748475210/photos\"\u003eJim Specialties\u003c/a\u003e"
             ],
             "photo_reference" : "CmRaAAAAde00y-sTAEbw4wjI4BrNnzRZE2NpaXAxmaTuVeLIttschxc1eloyWcOj5CxyZGPJCxIhdrPU0DiLhO3II8giHFKwaNKGXckNGy5THTDcUBft1LSuTvX4P0Bn8mUDsrxgEhCznpsOHjOLhaYg_mqem-NDGhTejWNbxiik3yEr_rxRsABVJxDR6A",
             "width" : 1388
          }
       ],
       "place_id" : "ChIJ-yrDkQvW3IARHupNU8gFXoE",
       "plus_code" : {
          "compound_code" : "V35V+XV Fullerton, California, USA",
          "global_code" : "8554V35V+XV"
       },
       "rating" : 4.7,
       "reference" : "ChIJ-yrDkQvW3IARHupNU8gFXoE",
       "types" : [ "car_repair", "point_of_interest", "establishment" ],
       "user_ratings_total" : 20
    },
    {
       "formatted_address" : "1871 W Commonwealth Ave, Fullerton, CA 92833, USA",
       "geometry" : {
          "location" : {
             "lat" : 33.8704243,
             "lng" : -117.9622888
          },
          "viewport" : {
             "northeast" : {
                "lat" : 33.87160957989272,
                "lng" : -117.9609372701073
             },
             "southwest" : {
                "lat" : 33.86890992010727,
                "lng" : -117.9636369298928
             }
          }
       },
       "icon" : "https://maps.gstatic.com/mapfiles/place_api/icons/shopping-71.png",
       "id" : "8c30bb4f9a5b79e5f731955afb9b0bcc8851e68c",
       "name" : "Motorhelmets Motorcycle Store, Repair Service Fullerton Orange County",
       "opening_hours" : {
          "open_now" : false
       },
       "photos" : [
          {
             "height" : 3024,
             "html_attributions" : [
                "\u003ca href=\"https://maps.google.com/maps/contrib/115940816914729305031/photos\"\u003eMotorHelmets Moto/Action Sports Superstore\u003c/a\u003e"
             ],
             "photo_reference" : "CmRaAAAALw7YPqSRN3pLIQwNZVinLtFwLPLUqS8lgIGePDayB8a4g1SGsCVkbHvDfKR5dEHQx50dJpiuZawmZaCtTvSHN45C0RtpA5J2TCGwzlz95mesai1MP4JwwjoYJFSCywdkEhCrVwqtuPk8k6aqtIn6dg9sGhRO-3WR7KgyMVg5vqm32BK_f1VkuQ",
             "width" : 4032
          }
       ],
       "place_id" : "ChIJGXTz2jcq3YARQcUxdVOgx_c",
       "plus_code" : {
          "compound_code" : "V2CQ+53 Fullerton, California, USA",
          "global_code" : "8554V2CQ+53"
       },
       "rating" : 4.7,
       "reference" : "ChIJGXTz2jcq3YARQcUxdVOgx_c",
       "types" : [
          "car_repair",
          "clothing_store",
          "store",
          "point_of_interest",
          "establishment"
       ],
       "user_ratings_total" : 192
    },
    {
       "formatted_address" : "982 N Batavia St, Orange, CA 92867, USA",
       "geometry" : {
          "location" : {
             "lat" : 33.803897,
             "lng" : -117.861982
          },
          "viewport" : {
             "northeast" : {
                "lat" : 33.80523562989273,
                "lng" : -117.8606322701073
             },
             "southwest" : {
                "lat" : 33.80253597010729,
                "lng" : -117.8633319298927
             }
          }
       },
       "icon" : "https://maps.gstatic.com/mapfiles/place_api/icons/generic_business-71.png",
       "id" : "78c0ac0f72ba879d9692cafee3c826a2ee370d75",
       "name" : "Motorcycle Tire Center",
       "opening_hours" : {
          "open_now" : false
       },
       "photos" : [
          {
             "height" : 960,
             "html_attributions" : [
                "\u003ca href=\"https://maps.google.com/maps/contrib/103609694907607901131/photos\"\u003eMotorcycle Tire Center\u003c/a\u003e"
             ],
             "photo_reference" : "CmRaAAAAeC0MPt4is4YOOITdCYTaccl7-DlLyB-IwLhsQDb4xvysKrRJAf0BVU7BTHHAUBpvVWJ6jAFag4NgJVWU84ZzYRgXyCxU1nVSLRmKYCc5L-bITIWQ3-NzVy9mxURnmOlGEhATPj7-JYZh5ef8pnCnXqpNGhRZ_tPyvucGf9kpMB8-NtQpmkK3QA",
             "width" : 960
          }
       ],
       "place_id" : "ChIJZ878C2_X3IARRQQ7y6UcSJE",
       "plus_code" : {
          "compound_code" : "R43Q+H6 Orange, California, USA",
          "global_code" : "8554R43Q+H6"
       },
       "rating" : 4.2,
       "reference" : "ChIJZ878C2_X3IARRQQ7y6UcSJE",
       "types" : [ "car_repair", "store", "point_of_interest", "establishment" ],
       "user_ratings_total" : 65
    },
    {
       "formatted_address" : "727 S State College Blvd unit I, Fullerton, CA 92831, USA",
       "geometry" : {
          "location" : {
             "lat" : 33.864366,
             "lng" : -117.889666
          },
          "viewport" : {
             "northeast" : {
                "lat" : 33.86568452989272,
                "lng" : -117.8883169701073
             },
             "southwest" : {
                "lat" : 33.86298487010728,
                "lng" : -117.8910166298927
             }
          }
       },
       "icon" : "https://maps.gstatic.com/mapfiles/place_api/icons/generic_business-71.png",
       "id" : "de724a42f2b9184f43fbbd88335554c5f2913479",
       "name" : "GP Motomax",
       "photos" : [
          {
             "height" : 533,
             "html_attributions" : [
                "\u003ca href=\"https://maps.google.com/maps/contrib/114792407561335094536/photos\"\u003eGP Motomax\u003c/a\u003e"
             ],
             "photo_reference" : "CmRaAAAAJdhFv_0sGhyejG0m01uRPTKzedPhr7OPn9HCGTT0yBRwI-qW4LS_SUAy5mC035HwLAaZhqRE41J5nrfbGLo4X6bfjfO7cwiuPboP0Q5Ky-1YZh9jaei285LWIzvOGE8MEhCwYYAslFAQ_L9iIUR7AiahGhQAHMqG4yyA59hSsUc2PjWTwrDSOg",
             "width" : 800
          }
       ],
       "place_id" : "ChIJ-bKBs3PX3IARSivk8nUacvg",
       "plus_code" : {
          "compound_code" : "V476+P4 Fullerton, California, USA",
          "global_code" : "8554V476+P4"
       },
       "rating" : 4.8,
       "reference" : "ChIJ-bKBs3PX3IARSivk8nUacvg",
       "types" : [ "car_repair", "store", "point_of_interest", "establishment" ],
       "user_ratings_total" : 18
    },
    {
       "formatted_address" : "818 Cristich Ln, Campbell, CA 95008, USA",
       "geometry" : {
          "location" : {
             "lat" : 37.2756912,
             "lng" : -121.944911
          },
          "viewport" : {
             "northeast" : {
                "lat" : 37.27703907989272,
                "lng" : -121.9436976701073
             },
             "southwest" : {
                "lat" : 37.27433942010727,
                "lng" : -121.9463973298928
             }
          }
       },
       "icon" : "https://maps.gstatic.com/mapfiles/place_api/icons/generic_business-71.png",
       "id" : "19b1a1ead00ad3ceb2045f0329da6c3ef2935cc0",
       "name" : "AE Kustomz - Motorcycle Repair",
       "opening_hours" : {
          "open_now" : true
       },
       "photos" : [
          {
             "height" : 3024,
             "html_attributions" : [
                "\u003ca href=\"https://maps.google.com/maps/contrib/102849473027082076438/photos\"\u003eA Google User\u003c/a\u003e"
             ],
             "photo_reference" : "CmRaAAAASwtKbr6I0g6MSwhtAPXm90p4gQ3vG-TL0V2uedteUl5vzQ0rKUteHVfCJrVfkR-wG_FWTIKb6nfJSIwNLTE64p99ToIrSmTtXmY9LcGHnUDb6wJDYKPQTiVqskT5svNXEhAMnEoXWit4jt4IpCcJGk1uGhQYrSiYDlWVAVbLnPDujwsVG7105Q",
             "width" : 3024
          }
       ],
       "place_id" : "ChIJIcHY3OI0joAROXIknXvzVrE",
       "plus_code" : {
          "compound_code" : "73G4+72 Campbell, California, USA",
          "global_code" : "849W73G4+72"
       },
       "rating" : 4.7,
       "reference" : "ChIJIcHY3OI0joAROXIknXvzVrE",
       "types" : [ "car_repair", "point_of_interest", "establishment" ],
       "user_ratings_total" : 19
    },
    {
       "formatted_address" : "22628 Normandie Ave, Torrance, CA 90502, USA",
       "geometry" : {
          "location" : {
             "lat" : 33.8202828,
             "lng" : -118.2982877
          },
          "viewport" : {
             "northeast" : {
                "lat" : 33.82162012989272,
                "lng" : -118.2969963201073
             },
             "southwest" : {
                "lat" : 33.81892047010728,
                "lng" : -118.2996959798927
             }
          }
       },
       "icon" : "https://maps.gstatic.com/mapfiles/place_api/icons/generic_business-71.png",
       "id" : "dfab5a6409f154eb077a6777da9a589f542458d4",
       "name" : "South Bay Motorcycle Co",
       "opening_hours" : {
          "open_now" : true
       },
       "photos" : [
          {
             "height" : 720,
             "html_attributions" : [
                "\u003ca href=\"https://maps.google.com/maps/contrib/116924578436040830616/photos\"\u003eA Google User\u003c/a\u003e"
             ],
             "photo_reference" : "CmRaAAAAGVkC4yU8UoNSvXN9uzLYPJiwGxpOfl5sehMdqzhFVjf1IeRJ6c9s1UyWs4zB1feKRgtttcbbm_L1H6laXcExltRZVGttO2_DkXsLI8jkftN1HRlcHcXfIS-oUrTxMXS6EhDlZkpxEiaH0DJG7RWNXxT0GhS-EdHrVCVDTgcH6wq37xhhRvENDw",
             "width" : 960
          }
       ],
       "place_id" : "ChIJd0SKkWI13YARJXOye_OVaI8",
       "plus_code" : {
          "compound_code" : "RPC2+4M Torrance, California, USA",
          "global_code" : "8553RPC2+4M"
       },
       "rating" : 5,
       "reference" : "ChIJd0SKkWI13YARJXOye_OVaI8",
       "types" : [ "car_repair", "point_of_interest", "establishment" ],
       "user_ratings_total" : 6
    },
    {
       "formatted_address" : "14146 Willow Ln, Westminster, CA 92683, USA",
       "geometry" : {
          "location" : {
             "lat" : 33.756718,
             "lng" : -118.018344
          },
          "viewport" : {
             "northeast" : {
                "lat" : 33.75816362989272,
                "lng" : -118.0170756701073
             },
             "southwest" : {
                "lat" : 33.75546397010728,
                "lng" : -118.0197753298927
             }
          }
       },
       "icon" : "https://maps.gstatic.com/mapfiles/place_api/icons/generic_business-71.png",
       "id" : "9a0fd2efc6c2b3fa1719c48f2db65488c2aab4c9",
       "name" : "QuickShift Motorsports",
       "opening_hours" : {
          "open_now" : false
       },
       "photos" : [
          {
             "height" : 998,
             "html_attributions" : [
                "\u003ca href=\"https://maps.google.com/maps/contrib/116776246765631500217/photos\"\u003ebecca buckalew\u003c/a\u003e"
             ],
             "photo_reference" : "CmRaAAAAKpdpUTnxkQ0Sk7qNxzDQ-7U7Uvcqrbc8myr8pY747vUohYiAP93gX6Tm8n0Ffz7U4tGFkI4zUhamacYESmwHmadQ54m38uc1b0RYwWiaoYKmqGeoPyYnWk9EhwoQNyHnEhA4tCt8iSWWb3S0J0ThTNIRGhSkLIbkASh0WNtbLGtM0DiKalUpqQ",
             "width" : 1156
          }
       ],
       "place_id" : "ChIJOdxAKqso3YARogp0PtZDmn0",
       "plus_code" : {
          "compound_code" : "QX4J+MM Westminster, California, USA",
          "global_code" : "8553QX4J+MM"
       },
       "rating" : 4.5,
       "reference" : "ChIJOdxAKqso3YARogp0PtZDmn0",
       "types" : [ "car_repair", "store", "point_of_interest", "establishment" ],
       "user_ratings_total" : 32
    },
    {
       "formatted_address" : "7220 Melrose Ave, Los Angeles, CA 90046, USA",
       "geometry" : {
          "location" : {
             "lat" : 34.083111,
             "lng" : -118.346979
          },
          "viewport" : {
             "northeast" : {
                "lat" : 34.08465607989272,
                "lng" : -118.3456234701073
             },
             "southwest" : {
                "lat" : 34.08195642010728,
                "lng" : -118.3483231298927
             }
          }
       },
       "icon" : "https://maps.gstatic.com/mapfiles/place_api/icons/generic_business-71.png",
       "id" : "41c912743a630a5ade4735d923915a22902fac69",
       "name" : "Melrose Moto",
       "opening_hours" : {
          "open_now" : false
       },
       "photos" : [
          {
             "height" : 974,
             "html_attributions" : [
                "\u003ca href=\"https://maps.google.com/maps/contrib/103089200679367196228/photos\"\u003eMelrose Moto\u003c/a\u003e"
             ],
             "photo_reference" : "CmRaAAAA2hh48xvUyXs2R7fadugEBjZoRK4gGaNCpzEbJsHbSrlDyVOPvC3RcBS5DhIxXWf6sD7bjA2cV0r7P7JYwKRTxOawvDEgWrCZlPLh_MMmifyFUVV8wmeZBW_UFg3Lx_WpEhDh1OcT6Gjq-9fmJehSNCIPGhQVsB4_HwbbkTxOgcTV4u00ihlYwg",
             "width" : 1242
          }
       ],
       "place_id" : "ChIJPSlHTdW-woARWsfI0b1Wovs",
       "plus_code" : {
          "compound_code" : "3MM3+66 Los Angeles, California, USA",
          "global_code" : "85633MM3+66"
       },
       "rating" : 5,
       "reference" : "ChIJPSlHTdW-woARWsfI0b1Wovs",
       "types" : [ "car_repair", "point_of_interest", "establishment" ],
       "user_ratings_total" : 23
    },
    {
       "formatted_address" : "3833 East Cesar E Chavez Avenue, Los Angeles, CA 90063, USA",
       "geometry" : {
          "location" : {
             "lat" : 34.0407482,
             "lng" : -118.1836364
          },
          "viewport" : {
             "northeast" : {
                "lat" : 34.04199147989272,
                "lng" : -118.1822847201073
             },
             "southwest" : {
                "lat" : 34.03929182010728,
                "lng" : -118.1849843798927
             }
          }
       },
       "icon" : "https://maps.gstatic.com/mapfiles/place_api/icons/generic_business-71.png",
       "id" : "938ffcb67d7b68f8e0ad1fd89c90aa3d99c9280d",
       "name" : "Moto Tecnica",
       "opening_hours" : {
          "open_now" : true
       },
       "photos" : [
          {
             "height" : 2448,
             "html_attributions" : [
                "\u003ca href=\"https://maps.google.com/maps/contrib/107352550830616749820/photos\"\u003eJimmy Galvan\u003c/a\u003e"
             ],
             "photo_reference" : "CmRaAAAALtK-7M_yBjYB6iWGRALrDlMDvCAqwPkesKKnhEd-9jjqOf5S6gMGm8PSWDF1WF_Joej_PphtF3Ce_g6d9c6cqBAk8Bi7AYxiDrYa4J683XL1jHd9QiTOJcPnMucqcXhUEhB65l3FTzZdUHn79YAI4H14GhQEe5APaXtCqiWZINdCbc6PS73zCQ",
             "width" : 3264
          }
       ],
       "place_id" : "ChIJp1sA6l_PwoARLPfjzp3GHN4",
       "plus_code" : {
          "compound_code" : "2RR8+7G East Los Angeles, California, USA",
          "global_code" : "85632RR8+7G"
       },
       "rating" : 4.7,
       "reference" : "ChIJp1sA6l_PwoARLPfjzp3GHN4",
       "types" : [ "car_repair", "point_of_interest", "establishment" ],
       "user_ratings_total" : 80
    },
    {
       "formatted_address" : "15631 Graham St, Huntington Beach, CA 92649, USA",
       "geometry" : {
          "location" : {
             "lat" : 33.7351572,
             "lng" : -118.0332005
          },
          "viewport" : {
             "northeast" : {
                "lat" : 33.73651562989272,
                "lng" : -118.0316321201073
             },
             "southwest" : {
                "lat" : 33.73381597010728,
                "lng" : -118.0343317798927
             }
          }
       },
       "icon" : "https://maps.gstatic.com/mapfiles/place_api/icons/generic_business-71.png",
       "id" : "bcfec3610dfacde65cd2912d5ac5646e3a9d7e9c",
       "name" : "H B Hot Rods and Hogs",
       "opening_hours" : {
          "open_now" : true
       },
       "photos" : [
          {
             "height" : 3024,
             "html_attributions" : [
                "\u003ca href=\"https://maps.google.com/maps/contrib/113210089286415691662/photos\"\u003eTony Richard\u003c/a\u003e"
             ],
             "photo_reference" : "CmRaAAAAp85CtYUmDKTD4MtEGUaGaEyOM0GXYsWdK0GCC_K8vYkQ6Z-EXTGpazDnmCBgZwfNAm9I3KvsPaebSA73hAzRV1OeMB37WBJ07SkTzNn-ab3jyr7hICieJZZK7vmn_T4VEhB6GEMTs_-ff8UBaGba__FyGhT1cKO9MlkRDTUK4rcFDZZJClzqAw",
             "width" : 4032
          }
       ],
       "place_id" : "ChIJnWG_Be8l3YARQTCOZfvu8aY",
       "plus_code" : {
          "compound_code" : "PXP8+3P Huntington Beach, California, USA",
          "global_code" : "8553PXP8+3P"
       },
       "rating" : 4.5,
       "reference" : "ChIJnWG_Be8l3YARQTCOZfvu8aY",
       "types" : [ "car_repair", "point_of_interest", "establishment" ],
       "user_ratings_total" : 8
    },
    {
       "formatted_address" : "1631 Placentia Ave Unit \"O\", (SW corner at Orangethorpe Ave), Anaheim, CA 92806, United States",
       "geometry" : {
          "location" : {
             "lat" : 33.858956,
             "lng" : -117.884715
          },
          "viewport" : {
             "northeast" : {
                "lat" : 33.86037647989272,
                "lng" : -117.8833656701073
             },
             "southwest" : {
                "lat" : 33.85767682010728,
                "lng" : -117.8860653298927
             }
          }
       },
       "icon" : "https://maps.gstatic.com/mapfiles/place_api/icons/generic_business-71.png",
       "id" : "2948334a918699645d61d65d2c6d28c773dc1403",
       "name" : "Motowest Motorcycle Service Center",
       "opening_hours" : {
          "open_now" : true
       },
       "photos" : [
          {
             "height" : 1200,
             "html_attributions" : [
                "\u003ca href=\"https://maps.google.com/maps/contrib/100809449692627786655/photos\"\u003eMotowest Motorcycle Service Center\u003c/a\u003e"
             ],
             "photo_reference" : "CmRaAAAA3pT-VInZVYyOul4bikaLIWbngKh1JNAVIXGo9OPTkOsi-XUz4tedbaP-muZkSYG2ho6lwF0Y1Dl_hyYivEROcagEcbTSj7Ng_C4J9z0jc_j_ik4stCORrIYzeij_15Y_EhCc3H2p5miskptGxkwuOYqzGhSP9MUMbjeeIFJaLD9DgzFlexKSBw",
             "width" : 1600
          }
       ],
       "place_id" : "ChIJr2GoT3vW3IAR-7IB0i6Ke50",
       "plus_code" : {
          "compound_code" : "V458+H4 Anaheim, California, USA",
          "global_code" : "8554V458+H4"
       },
       "rating" : 3.7,
       "reference" : "ChIJr2GoT3vW3IAR-7IB0i6Ke50",
       "types" : [ "car_repair", "point_of_interest", "establishment" ],
       "user_ratings_total" : 18
    },
    {
       "formatted_address" : "16622 Normandie Ave, Gardena, CA 90247, USA",
       "geometry" : {
          "location" : {
             "lat" : 33.879149,
             "lng" : -118.2996667
          },
          "viewport" : {
             "northeast" : {
                "lat" : 33.88050047989273,
                "lng" : -118.2984097201073
             },
             "southwest" : {
                "lat" : 33.87780082010728,
                "lng" : -118.3011093798927
             }
          }
       },
       "icon" : "https://maps.gstatic.com/mapfiles/place_api/icons/generic_business-71.png",
       "id" : "f742635f51bb711c8fa48b913c1c4e837140b653",
       "name" : "Motorcycle Michael's",
       "opening_hours" : {
          "open_now" : true
       },
       "photos" : [
          {
             "height" : 3024,
             "html_attributions" : [
                "\u003ca href=\"https://maps.google.com/maps/contrib/106842768753982081761/photos\"\u003e김태곤\u003c/a\u003e"
             ],
             "photo_reference" : "CmRaAAAAtSzj8S2u38q0skbHULJnqnTN7r6j6MSvQCkFKRlOIT2tmNMFbx7GlUCVPLGt-GHfCAPIx3Cnk2q4n8okuPpLNqv75nwB9dGGOdlFo7us0ylQRWKkmM9PYtwctQWwjvMJEhBijyTy0obQDMztlaSYx9cXGhQDQv2r5q6G4tzJsJrZ4sgU2nkSzA",
             "width" : 4032
          }
       ],
       "place_id" : "ChIJk_z0qGK1woARP2QxtuUguy8",
       "plus_code" : {
          "compound_code" : "VPH2+M4 Gardena, California, USA",
          "global_code" : "8553VPH2+M4"
       },
       "rating" : 4.9,
       "reference" : "ChIJk_z0qGK1woARP2QxtuUguy8",
       "types" : [ "car_repair", "store", "point_of_interest", "establishment" ],
       "user_ratings_total" : 20
    },
    {
       "formatted_address" : "4150 W Pico Blvd, Los Angeles, CA 90019, USA",
       "geometry" : {
          "location" : {
             "lat" : 34.0473977,
             "lng" : -118.3258942
          },
          "viewport" : {
             "northeast" : {
                "lat" : 34.04892387989272,
                "lng" : -118.3245213201073
             },
             "southwest" : {
                "lat" : 34.04622422010728,
                "lng" : -118.3272209798927
             }
          }
       },
       "icon" : "https://maps.gstatic.com/mapfiles/place_api/icons/generic_business-71.png",
       "id" : "ef17f1aa7466d12eb9639d73e8d8e1e629e5a70c",
       "name" : "Motorcycle Performance Services",
       "opening_hours" : {
          "open_now" : true
       },
       "photos" : [
          {
             "height" : 1800,
             "html_attributions" : [
                "\u003ca href=\"https://maps.google.com/maps/contrib/109001151309607545876/photos\"\u003eMotorcycle Performance Services\u003c/a\u003e"
             ],
             "photo_reference" : "CmRaAAAARCuoZeDee3wBXtOkltRsuO7HI51qJ0uddrN3xEUnlp_cnB7d6Fdt7qhCe9-GYbp_vwc6gJj3Z7terfkrYUxbu362XMWj21_4jvalRVOAQ-9S0rPW_bkhyaKgT9xlsuFGEhCTiynMfpDjiWv5ZGGmrWySGhQzyQwR_9-vIbbXfMyLsBqbEh2M7A",
             "width" : 2400
          }
       ],
       "place_id" : "ChIJn4cMxv24woARxUfj6jFbyE8",
       "plus_code" : {
          "compound_code" : "2MWF+XJ Los Angeles, California, USA",
          "global_code" : "85632MWF+XJ"
       },
       "rating" : 4.1,
       "reference" : "ChIJn4cMxv24woARxUfj6jFbyE8",
       "types" : [ "car_repair", "point_of_interest", "establishment" ],
       "user_ratings_total" : 47
    },
    {
       "formatted_address" : "4780 Chino Ave C, Chino, CA 91710, USA",
       "geometry" : {
          "location" : {
             "lat" : 34.0125202,
             "lng" : -117.7012565
          },
          "viewport" : {
             "northeast" : {
                "lat" : 34.01347452989273,
                "lng" : -117.6999080201073
             },
             "southwest" : {
                "lat" : 34.01077487010728,
                "lng" : -117.7026076798928
             }
          }
       },
       "icon" : "https://maps.gstatic.com/mapfiles/place_api/icons/generic_business-71.png",
       "id" : "8cfe7cc5e7d1a7d22c633d037252d7c2529aa92b",
       "name" : "The Bike Shop",
       "opening_hours" : {
          "open_now" : true
       },
       "photos" : [
          {
             "height" : 1536,
             "html_attributions" : [
                "\u003ca href=\"https://maps.google.com/maps/contrib/116601946594507680944/photos\"\u003eThe Bike Shop\u003c/a\u003e"
             ],
             "photo_reference" : "CmRaAAAAl9benp3MqHkLFA-PEUzrAENFbsl-WynExfh86gfTAzc3CUNh1GHusJvbAnoIOslDvGJsHX-JbLqSUoqCD2oft3rmCXHpDCzClVxRkkOnaCPdHdYCDW-ASFr1lbJ6QbEMEhCit1nRSfinHN-4RQnMqkwlGhSKvXXDp7qL-LW5cTBfzsgI_3GM6g",
             "width" : 2048
          }
       ],
       "place_id" : "ChIJ6bR_Ydsyw4ARu78jWvH5zd8",
       "plus_code" : {
          "compound_code" : "277X+2F Chino, California, USA",
          "global_code" : "8564277X+2F"
       },
       "rating" : 4.9,
       "reference" : "ChIJ6bR_Ydsyw4ARu78jWvH5zd8",
       "types" : [ "car_repair", "point_of_interest", "establishment" ],
       "user_ratings_total" : 39
    },
    {
       "formatted_address" : "711 W 17th St unit J6, Costa Mesa, CA 92627, USA",
       "geometry" : {
          "location" : {
             "lat" : 33.6346231,
             "lng" : -117.9281304
          },
          "viewport" : {
             "northeast" : {
                "lat" : 33.63591972989272,
                "lng" : -117.9267795201073
             },
             "southwest" : {
                "lat" : 33.63322007010727,
                "lng" : -117.9294791798928
             }
          }
       },
       "icon" : "https://maps.gstatic.com/mapfiles/place_api/icons/generic_business-71.png",
       "id" : "551d58f8728aecb28428d3f39b461c3c93ab955f",
       "name" : "Riders Revelation",
       "opening_hours" : {
          "open_now" : false
       },
       "photos" : [
          {
             "height" : 735,
             "html_attributions" : [
                "\u003ca href=\"https://maps.google.com/maps/contrib/111156915581791740712/photos\"\u003eRiders Revelation\u003c/a\u003e"
             ],
             "photo_reference" : "CmRaAAAA6SttpETkmqyku8e1cSTblenHBL8hhBHbpc41vTRKi1lUSUcwe_LIP_ifDucJzopioin-VRad_Yhlsech8Lj1U2-ItproH-lTiDrXqEtfGlrTWNNH7oQxjVk3vhu4oe5MEhCGAMRMHFaXBawvoKJlvdidGhQ0KcX2jPiYB7yYvD7Ytx2ygOhe2w",
             "width" : 980
          }
       ],
       "place_id" : "ChIJh-b3FXQg3YARsCrIgW-991Y",
       "plus_code" : {
          "compound_code" : "J3MC+RP Costa Mesa, California, USA",
          "global_code" : "8554J3MC+RP"
       },
       "rating" : 5,
       "reference" : "ChIJh-b3FXQg3YARsCrIgW-991Y",
       "types" : [ "car_repair", "store", "point_of_interest", "establishment" ],
       "user_ratings_total" : 55
    },
    {
       "formatted_address" : "1173 N Kraemer Pl, Anaheim, CA 92806, USA",
       "geometry" : {
          "location" : {
             "lat" : 33.85344,
             "lng" : -117.860011
          },
          "viewport" : {
             "northeast" : {
                "lat" : 33.85482347989272,
                "lng" : -117.8585279701073
             },
             "southwest" : {
                "lat" : 33.85212382010728,
                "lng" : -117.8612276298927
             }
          }
       },
       "icon" : "https://maps.gstatic.com/mapfiles/place_api/icons/shopping-71.png",
       "id" : "d1604faa20033dccd23acf258356bf2774aab318",
       "name" : "AXXIS Motorsports",
       "opening_hours" : {
          "open_now" : false
       },
       "photos" : [
          {
             "height" : 3024,
             "html_attributions" : [
                "\u003ca href=\"https://maps.google.com/maps/contrib/110205041374203134084/photos\"\u003eAXXIS Motorsports\u003c/a\u003e"
             ],
             "photo_reference" : "CmRaAAAAEVYj-ycoa7de46l-teNLkndw8lYRb9QlDohgyUuTqxcbhf0G-zA48sEm9WXSaNnq486kgzBk5UeC4gqVkWBFv8ZC4gq83qv9QybgIPAnxc7WbFliuE8ZoEuW3x6A44b0EhCdT6KoVT_Nr_APTDf-QGnLGhRToJx7iKRRtK_nn1q4MWNhP4WQkA",
             "width" : 4032
          }
       ],
       "place_id" : "ChIJIdUROevW3IAR8krEGn8TcA0",
       "plus_code" : {
          "compound_code" : "V43Q+9X Anaheim, California, USA",
          "global_code" : "8554V43Q+9X"
       },
       "rating" : 4.8,
       "reference" : "ChIJIdUROevW3IAR8krEGn8TcA0",
       "types" : [ "car_repair", "store", "point_of_interest", "establishment" ],
       "user_ratings_total" : 44
    },
    {
       "formatted_address" : "804 W 220th St, Torrance, CA 90502, USA",
       "geometry" : {
          "location" : {
             "lat" : 33.8276779,
             "lng" : -118.2889723
          },
          "viewport" : {
             "northeast" : {
                "lat" : 33.82922702989272,
                "lng" : -118.2876231701073
             },
             "southwest" : {
                "lat" : 33.82652737010728,
                "lng" : -118.2903228298927
             }
          }
       },
       "icon" : "https://maps.gstatic.com/mapfiles/place_api/icons/generic_business-71.png",
       "id" : "ce3808a96c7e2f720783b377204fcf537466c8d7",
       "name" : "Valdi's Motozone",
       "opening_hours" : {
          "open_now" : true
       },
       "photos" : [
          {
             "height" : 2340,
             "html_attributions" : [
                "\u003ca href=\"https://maps.google.com/maps/contrib/114055785094079270587/photos\"\u003eValdi Slusarczyk\u003c/a\u003e"
             ],
             "photo_reference" : "CmRaAAAADTat9WqXk4YOtJ5UakGBkVnnmubSfkq1ab9kvX-2-4I2lMwO1ybeLjtK2HyqfKZ86VCyBscpSE771tbDJONByAsVOWuTYozz_0MwLp93HTVV9QnOr4RLitC70K6G8elDEhBhf8cqpDRhzjsVUm3BJ4hVGhSgQNH5WiL4qM5JOM0IvMjgSeDubQ",
             "width" : 4160
          }
       ],
       "place_id" : "ChIJL7NyNmY13YARpyt9tN_Tm9s",
       "plus_code" : {
          "compound_code" : "RPH6+3C West Carson, California, USA",
          "global_code" : "8553RPH6+3C"
       },
       "rating" : 5,
       "reference" : "ChIJL7NyNmY13YARpyt9tN_Tm9s",
       "types" : [ "car_repair", "point_of_interest", "establishment" ],
       "user_ratings_total" : 23
    }
 ]